state;year;population;expenditures;electricity_cap;logexpenditures;logelectricity_cap;logpopulation
Andhra Pradesh;1960;35378356;16.8012329346225;277602;2.821452272682;12.5339437121998;17.3816107786858
Andhra Pradesh;1961;35896376;17.0435032216065;270638;2.83576908839328;12.5085374135367;17.3961469012878
Andhra Pradesh;1962;36553750;17.9516465478918;259470;2.88768184041494;12.4663963679687;17.4142943380763
Andhra Pradesh;1963;37250840;19.8572703326959;296851;2.98857020368694;12.6009856083979;17.4331850528712
Andhra Pradesh;1964;37962090;22.943942232896;324210;3.13305394667067;12.6891467329653;17.4520985881461
Andhra Pradesh;1965;38687820;25.2896131133778;352628;3.23039376255686;12.7731689558895;17.4710353797804
Andhra Pradesh;1966;39428340;26.4454450783371;472628;3.27508393471615;13.0660638887002;17.4899954050437
Andhra Pradesh;1967;40183976;22.9046523420181;640835;3.13134004896628;13.3705272924707;17.5089788671592
Andhra Pradesh;1968;40955064;29.7252618137772;673900;3.39199725040272;13.4208370109343;17.5279860236214
Andhra Pradesh;1969;41741944;45.8699288178816;673900;3.82580975678493;13.4208370109343;17.5470170325585
Andhra Pradesh;1970;42544970;35.9760507528857;608100;3.58285346021029;13.3180946211082;17.5660721921298
Andhra Pradesh;1971;43364490;39.7560307984713;608100;3.68276154779283;13.3180946211082;17.5851514613951
Andhra Pradesh;1972;44246744;55.3826062319975;719000;4.01426557752385;13.4856166367032;17.60529234479
Andhra Pradesh;1973;45160150;63.3478852483882;670000;4.14864152417978;13.4150329913671;17.6257256187637
Andhra Pradesh;1974;46096644;65.4472807174423;890000;4.18124494401291;13.6989767417083;17.6462507070523
Andhra Pradesh;1975;47056924;73.0221975410037;890000;4.29076347083084;13.6989767417083;17.6668685757613
Andhra Pradesh;1976;48041730;89.8073404100976;1200000;4.49766671372803;13.9978321147582;17.6875805661846
Andhra Pradesh;1977;49051850;110.211949192538;1520000;4.70240532271472;14.2342208928225;17.7083884598801
Andhra Pradesh;1978;50088050;120.330098696196;1520000;4.79023878866245;14.2342208928225;17.7292930146499
Andhra Pradesh;1979;51151176;145.701439982533;1930000;4.98155959635433;14.4730305608811;17.7502960413
Andhra Pradesh;1980;52242056;164.178071399028;2240000;5.100951639982;14.6219864238312;17.7713983989727
Andhra Pradesh;1981;53361590;192.990876021498;2240000;5.2626429132874;14.6219864238312;17.7926017567289
Andhra Pradesh;1982;54512804;200.985808765221;2678000;5.30323430240845;14.8005808052333;17.8139461678202
Andhra Pradesh;1983;55693104;278.878332944057;2830000;5.63077560407189;14.8557872696194;17.8353668911288
Andhra Pradesh;1984;56902720;326.968552645638;3156000;5.7898639969933;14.9648159609479;17.8568537011175
Andhra Pradesh;1985;58142484;355.057069801146;3156000;5.87227853655814;14.9648159609479;17.8784071766405
Andhra Pradesh;1986;59413264;414.16845908348;3595000;6.02627279706026;15.0950545491373;17.9000280590685
Andhra Pradesh;1987;60715936;420.056111792463;3595000;6.04038830185966;15.0950545491373;17.9217167586404
Andhra Pradesh;1988;62051440;505.119623331868;3595000;6.22479527910911;15.0950545491373;17.9434742764367
Andhra Pradesh;1989;63420710;532.840140074118;4064000;6.27822145436536;15.2176782682405;17.9653010222184
Andhra Pradesh;1990;64824720;608.089012956786;4064000;6.41032127413976;15.2176782682405;17.9871975700584
Andhra Pradesh;1991;66264496;690.066366761471;4064000;6.53678777667822;15.2176782682405;18.0091648064429
Andhra Pradesh;1992;67231380;746.358322557115;4064000;6.61520581002815;15.2176782682405;18.0236506607852
Assam;1960;10455499;22.9544280956844;19260;3.13351086324072;9.86578568535212;16.1626386180655
Assam;1961;10781763;23.8087221913522;24726;3.17005199216878;10.1156106005669;16.1933666536726
Assam;1962;11109991;26.8497067189343;26663;3.2902548979505;10.1910321155339;16.2233553515345
Assam;1963;11446597;29.1090880547293;29365;3.37105042970684;10.2875587679566;16.2532030385501
Assam;1964;11793791;32.2542598898013;54302;3.47365012412496;10.9023163376563;16.2830837645106
Assam;1965;12151926;42.3471966501442;159537;3.7459022241053;11.9800311492266;16.3129982337066
Assam;1966;12521364;46.1052006794148;159507;3.83092575664219;11.9798430873914;16.342946863389
Assam;1967;12902486;44.7123135804991;156675;3.80024893528372;11.9619288750929;16.3729305639434
Assam;1968;13295682;50.7457985231596;158200;3.92682882677381;11.9716153343157;16.4029498788238
Assam;1969;13701358;59.8334851187743;158200;4.09156545606103;11.9716153343157;16.4330055099735
Assam;1970;14119931;56.55126784968;179700;4.03514762228746;12.0990440727716;16.4630979033319
Assam;1971;14551839;57.277983902928;179700;4.04791632480753;12.0990440727716;16.4932279353476
Assam;1972;14882493;59.3045802205316;210000;4.08268654114123;12.2548628096996;16.5156961136585
Assam;1973;15197465;59.0822219363558;197000;4.07893006589904;12.1909590077201;16.536639195592
Assam;1974;15519304;67.4901400217432;197000;4.21198151345672;12.1909590077201;16.5575952263529
Assam;1975;15848166;74.2861981632449;197000;4.30792517623493;12.1909590077201;16.5785643418135
Assam;1976;16184211;76.5190221506628;160000;4.33753936548704;11.982929094216;16.5995466953127
Assam;1977;16527602;103.130508587997;172000;4.63599525983911;12.0552497557956;16.6205423897031
Assam;1978;16878506;110.602206143127;172000;4.70594003593384;12.0552497557956;16.6415515361061
Assam;1979;17237096;122.393006339351;162000;4.8072372306954;11.9953516142145;16.6625743635357
Assam;1980;17603548;143.618775033306;228000;4.96716239342498;12.3371009079366;16.6836110306008
Assam;1981;17978038;155.37290554175;333000;5.0458280697191;12.7158977689626;16.7046614598078
Assam;1982;18369424;180.658903621583;334000;5.19661074296412;12.7188962719588;16.7261981012288
Assam;1983;18771388;265.142886610196;349000;5.58026887542842;12.7628272011846;16.7478443536177
Assam;1984;19182442;302.709112843923;432000;5.71277232077413;12.9761808672262;16.7695059394402
Assam;1985;19602800;330.942518415737;432000;5.80194469992094;12.9761808672262;16.7911829711405
Assam;1986;20032686;400.07116369717;507000;5.99164244052693;13.1362662825733;16.8128757975033
Assam;1987;20472320;449.323769851194;507000;6.10774371886368;13.1362662825733;16.8345842878055
Assam;1988;20921940;469.220349546935;507000;6.15107248656973;13.1362662825733;16.8563089270871
Assam;1989;21381776;524.7365794123;537000;6.26289638317083;13.193753373491;16.8780495283993
Assam;1990;21852080;602.528454957148;537000;6.40113489239424;13.193753373491;16.8998066694832
Assam;1991;22333094;718.489789189084;537000;6.57715149412942;13.193753373491;16.9215801722118
Assam;1992;22736996;694.414512805473;537000;6.54306906290521;13.193753373491;16.9395039355376
Bihar;1960;45470924;9.44119807198112;267813;2.24508288650924;12.4980442547503;17.6325836466856
Bihar;1961;46306516;11.1085878281147;353289;2.40771848739212;12.7750416978498;17.6507932434956
Bihar;1962;47196570;10.6045841890629;50141;2.36128637829585;10.8225943156698;17.6698317784237
Bihar;1963;48112690;10.3590133912695;81474;2.33785699979349;11.3080392299268;17.689056525644
Bihar;1964;49047980;10.4856509890927;503504;2.35000775008439;13.1293469354985;17.7083095606608
Bihar;1965;50002870;13.1212468404314;92206;2.57423281257;11.4317804833492;17.7275909617451
Bihar;1966;50977840;18.0117478496539;139684;2.89102420332146;11.8471380075477;17.7469015864579
Bihar;1967;51973350;19.9525333656576;189487;2.99335612102111;12.1520756995683;17.7662416451727
Bihar;1968;52989890;16.048344316246;239200;2.77560568638859;12.3850553010586;17.7856116986034
Bihar;1969;54027950;24.5132380554879;239200;3.19921330042107;12.3850553010586;17.8050120632163
Bihar;1970;55088040;20.9228718248099;499100;3.04084290629571;13.1205617554577;17.8244431906711
Bihar;1971;56170696;27.865063306319;499100;3.32737369291266;13.1205617554577;17.8439057553879
Bihar;1972;57362040;36.2121012432612;603000;3.58939335145766;13.3096724757093;17.8648933184768
Bihar;1973;58599350;34.6573810119054;604000;3.54551071916779;13.311329476917;17.8862341623356
Bihar;1974;59866810;37.7220700418145;604000;3.63024533541678;13.311329476917;17.9076328193708
Bihar;1975;61165300;41.7377173004955;604000;3.7314052116173;13.311329476917;17.9290905932169
Bihar;1976;62495704;41.358042786429;712000;3.72226690766919;13.4758331903941;17.9506083763442
Bihar;1977;63858960;48.0746946082429;890000;3.87275593905202;13.6989767417083;17.9721874594935
Bihar;1978;65256030;58.9646657941036;890000;4.07693837965686;13.6989767417083;17.9938290136903
Bihar;1979;66687920;68.6556125907061;890000;4.22910288547378;13.6989767417083;18.0155343850383
Bihar;1980;68155650;92.316631123025;941000;4.52522431079224;13.7546984185675;18.0373046180262
Bihar;1981;69660300;121.594365800894;940000;4.80069063458439;13.7536351542462;18.0591411295251
Bihar;1982;71156310;137.786796420444;1051000;4.92570753701091;13.8652526498591;18.0803895644427
Bihar;1983;72675600;137.683073823952;1160000;4.92495447751078;13.9639305630825;18.1015162603091
Bihar;1984;74227630;156.374385117779;1374000;5.05225303667881;14.1332367517644;18.122647010792
Bihar;1985;75813110;196.066353167678;1374000;5.27845313850973;14.1332367517644;18.1437817908027
Bihar;1986;77432770;202.082399996797;1595000;5.30867553500037;14.2823842942011;18.1649206339707
Bihar;1987;79087340;219.882221351736;1595000;5.39309204550526;14.2823842942011;18.1860633693595
Bihar;1988;80777610;273.065766615279;1595000;5.60971266952508;14.2823842942011;18.2072103811305
Bihar;1989;82504330;299.015821351437;1549000;5.70049648620963;14.253120119399;18.2283613347761
Bihar;1990;84268310;371.274800693167;1549000;5.91694249109959;14.253120119399;18.249516432961
Bihar;1991;86070370;423.620811668406;1549000;6.04883874299349;14.253120119399;18.270675775443
Bihar;1992;88118190;470.162857407761;1549000;6.15307913980796;14.253120119399;18.294189539515
Gujarat;1960;20067098;14.6707809968337;320634;2.68585782842246;12.6780555646887;16.8145921163965
Gujarat;1961;20551470;17.2055818878163;363957;2.84523385953288;12.8047910077726;16.8384430291949
Gujarat;1962;21079000;17.4012049907491;368059;2.85653945616455;12.8159985303872;16.863787842182
Gujarat;1963;21627032;19.9888731842631;420499;2.99517577795219;12.949197380271;16.8894545716857
Gujarat;1964;22189906;22.6409251125264;543436;3.11975911436087;13.2056672233199;16.9151480587574
Gujarat;1965;22768038;28.048090924655;648300;3.33392056992544;13.3821088311631;16.9408682683195
Gujarat;1966;23361868;32.3390235746559;658394;3.47627466119643;13.3975588153023;16.9666156784806
Gujarat;1967;23971836;33.0763150557179;664842;3.49881746902068;13.4073046974231;16.9923901992219
Gujarat;1968;24598400;35.8559906335371;661500;3.57951065583412;13.4022652625371;17.0181919581369
Gujarat;1969;25242036;63.5606414633114;661500;4.15199443386604;13.4022652625371;17.0440212579941
Gujarat;1970;25903228;49.1328725516372;906800;3.89452831285395;13.7176771976155;17.0698781521083
Gujarat;1971;26582476;45.9362777192012;906800;3.8272551691459;13.7176771976155;17.0957627596574
Gujarat;1972;27242056;77.0683387480005;973000;4.34469254445185;13.7881393611681;17.1202725136367
Gujarat;1973;27911336;82.1350866185696;954000;4.40836528958041;13.7684189504304;17.1445434725145
Gujarat;1974;28598288;86.9912212926872;1173000;4.46580720888161;13.9750751276356;17.1688574138585
Gujarat;1975;29303416;89.8461803907094;1173000;4.49809910137113;13.9750751276356;17.1932146542223
Gujarat;1976;30027244;112.194778848169;1595000;4.72023645767579;14.2823842942011;17.2176156608562
Gujarat;1977;30770296;109.719451512589;1711000;4.69792666708305;14.3525885528743;17.2420603670115
Gujarat;1978;31533128;132.165765476866;1711000;4.88405693379741;14.3525885528743;17.2665492337049
Gujarat;1979;32316308;165.012661718659;2212000;5.10602220864524;14.6094076416244;17.2910825524189
Gujarat;1980;33120412;198.717334796439;2197000;5.29188338680151;14.6026033513667;17.3156603270175
Gujarat;1981;33946056;229.52298199237;2407000;5.43600316388729;14.6938917167652;17.3402832343812
Gujarat;1982;34629350;284.556308449336;2576000;5.65093115471846;14.7617483662064;17.3602121463497
Gujarat;1983;35294710;311.01261350497;2786000;5.73983346925058;14.8401174333219;17.3792436523167
Gujarat;1984;35974690;360.292194317727;3106000;5.88691535312228;14.9488462826908;17.3983261936054
Gujarat;1985;36669656;402.084491875244;3106000;5.99666224532869;14.9488462826908;17.4174601590381
Gujarat;1986;37379980;502.608615627938;3526000;6.21981176707943;15.07567464194;17.4366458249461
Gujarat;1987;38106044;624.648940204866;3526000;6.43718979625408;15.07567464194;17.4558834626863
Gujarat;1988;38848230;632.214131763532;3526000;6.44922815284319;15.07567464194;17.4751730738945
Gujarat;1989;39606960;671.7783945044;4220000;6.5099285160543;15.2553456860122;17.4945154183569
Gujarat;1990;40382636;711.506301866971;4220000;6.56738427464735;15.2553456860122;17.5139104485598
Gujarat;1991;41175690;916.722949876493;4220000;6.82080529997288;15.2553456860122;17.5333585916289
Gujarat;1992;42007936;1051.55844838461;4220000;6.95802857931795;15.2553456860122;17.5533691107793
Haryana;1966;8687534;12.2589448283023;NA;2.50625586059716;NA;15.9773996825166
Haryana;1967;8933620;26.0140905926153;456212;3.25863833709167;13.030712892739;16.0053322458504
Haryana;1968;9186689;31.5021004847339;33400;3.45005422566348;10.4163111789648;16.0332661464982
Haryana;1969;9446938;39.7906707972467;33400;3.6836324827347;10.4163111789648;16.0612012257997
Haryana;1970;9714574;46.064809429626;503800;3.83004930556387;13.1299346429006;16.0891377901153
Haryana;1971;9989806;51.8928996218745;503800;3.94918197198558;13.1299346429006;16.1170757310168
Haryana;1972;10245740;74.2357311428945;33000;4.30724558605551;10.4042628404486;16.1423725674029
Haryana;1973;10503690;82.7804324004231;504000;4.41619170979599;13.1303315470535;16.1672371819626
Haryana;1974;10769285;109.58944813885;557000;4.69674109377369;13.2303205189094;16.1922086588136
Haryana;1975;11042791;119.127492316028;557000;4.78019428361093;13.2303205189094;16.2172883748337
Haryana;1976;11324490;134.53144468316;617000;4.90179796118327;13.3326243028875;16.2424781952068
Haryana;1977;11614678;150.249537697042;742000;5.01229749651901;13.5171045221495;16.2677802010301
Haryana;1978;11913658;172.591826960284;742000;5.1509294250385;13.5171045221495;16.2931960310344
Haryana;1979;12221746;203.759757402911;1081000;5.31694164006837;13.8933970966213;16.318727382025
Haryana;1980;12539277;241.058555449409;1141000;5.4850398726483;13.9474156288442;16.3443764360045
Haryana;1981;12866590;283.136402108095;1141000;5.64592876777286;13.9474156288442;16.3701445872
Haryana;1982;13183486;322.456442855858;1213000;5.77596806620221;14.0086071879262;16.3944755437209
Haryana;1983;13504624;347.421742360246;1266000;5.85053943780209;14.0513728816863;16.4185427032811
Haryana;1984;13834153;405.713309661965;1311000;6.00564677633428;14.0863007627458;16.4426509477895
Haryana;1985;14172312;434.495091555986;1311000;6.07418464787751;14.0863007627458;16.4668007599665
Haryana;1986;14519347;465.268858165591;1553000;6.14261542810357;14.2556991021308;16.4909925938978
Haryana;1987;14875509;624.704673971156;1553000;6.43727901641672;14.2556991021308;16.5152267272979
Haryana;1988;15241058;673.608092036655;1553000;6.51264847597451;14.2556991021308;16.5395035283853
Haryana;1989;15616260;735.758754016647;1795000;6.60090228512863;14.4005155799045;16.5638232370866
Haryana;1990;16001395;809.723152262662;1795000;6.69669240191384;14.4005155799045;16.5881864639034
Haryana;1991;16396744;914.998733894973;1795000;6.81892268155322;14.4005155799045;16.6125933364981
Haryana;1992;16800302;965.149316958707;1795000;6.87228282196883;14.4005155799045;16.6369074204024
Jammu & Kashmir;1960;NA;NA;12981;NA;9.47124202889299;NA
Jammu & Kashmir;1961;3555470.25;29.4757071866935;21981;3.38356643889875;9.99793372282807;15.0839978909525
Jammu & Kashmir;1962;3638508.5;30.0122976214017;31548;3.401607218381;10.3592654745179;15.1070844028941
Jammu & Kashmir;1963;3733863.75;32.2722006125692;32287.998046875;3.47420619749674;10.3824508626626;15.1329541133982
Jammu & Kashmir;1964;3831813.5;32.6738240261432;29088;3.48657426884406;10.2780809969772;15.1588487477862
Jammu & Kashmir;1965;3932431.5;42.3910753435883;29088;3.74693785290286;10.2780809969772;15.1847684948182
Jammu & Kashmir;1966;4035794;52.0343704361521;29057;3.95190447016302;10.2770146971084;15.2107136185187
Jammu & Kashmir;1967;4141979.25;56.663731475719;32578;4.0371343495533;10.3913924929176;15.2366843112679
Jammu & Kashmir;1968;4251068.5;68.2887137669035;40300;4.22374450792819;10.6041067479348;15.2626809210667
Jammu & Kashmir;1969;4363144;62.4091251629559;40300;4.13371150126969;10.6041067479348;15.2887034563743
Jammu & Kashmir;1970;4478292;81.1246787837863;40400;4.39598721549452;10.6065850639492;15.3147522816969
Jammu & Kashmir;1971;4596600;82.930861941435;40400;4.41800727201135;10.6065850639492;15.340827457733
Jammu & Kashmir;1972;4717068;142.37657799294;69000;4.95847550506283;11.1418617835794;15.3666979781048
Jammu & Kashmir;1973;4840642.5;164.213738155627;82000;5.10116886072687;11.3144745262464;15.3925580178165
Jammu & Kashmir;1974;4967638;181.333664006918;94000;5.20033878175373;11.4510500612521;15.418455033596
Jammu & Kashmir;1975;5098156;202.602666532762;94000;5.31124675329146;11.4510500612521;15.4443894636854
Jammu & Kashmir;1976;5232300.5;215.067922799923;101000;5.37095389823509;11.5228757958234;15.4703616054851
Jammu & Kashmir;1977;5370180;191.520582177879;136000;5.25499528158093;11.8204101647182;15.4963719854764
Jammu & Kashmir;1978;5511903.5;270.414748734262;136000;5.59995688681692;11.8204101647182;15.5224205842655
Jammu & Kashmir;1979;5657588;266.261876969479;206000;5.58448032436478;12.2356314477717;15.5485082109424
Jammu & Kashmir;1980;5807350;339.001437833091;206000;5.826004348767;12.2356314477717;15.5746349146233
Jammu & Kashmir;1981;5961311.5;367.268175803261;206000;5.90609230546515;12.2356314477717;15.6008010651696
Jammu & Kashmir;1982;6114443;361.292107882926;206000;5.8896867942475;12.2356314477717;15.6261642354649
Jammu & Kashmir;1983;6270717.5;453.472828268854;206000;6.11693535214575;12.2356314477717;15.6514013398739
Jammu & Kashmir;1984;6431264.5;542.303927944497;205000;6.29582659694174;12.2307652581205;15.6766817331781
Jammu & Kashmir;1985;6596209;609.66837163589;205000;6.41291515627853;12.2307652581205;15.7020056480299
Jammu & Kashmir;1986;6765681.5;643.15767746383;207000;6.46638991573689;12.2404740722475;15.7273735536115
Jammu & Kashmir;1987;6939816;856.132208692565;207000;6.75242481362286;12.2404740722475;15.7527858191632
Jammu & Kashmir;1988;7118751.5;854.096395976176;207000;6.75004406326889;12.2404740722475;15.7782429168888
Jammu & Kashmir;1989;7302629;934.252582186498;284000;6.83974683227561;12.5567295171433;15.8037449782712
Jammu & Kashmir;1990;7491598.5;1081.59827305214;284000;6.98619510862705;12.5567295171433;15.8292927506136
Jammu & Kashmir;1991;7685811;1154.98546607508;284000;7.05184303939194;12.5567295171433;15.8548864596406
Jammu & Kashmir;1992;7891467.5;1388.61371474951;284000;7.23606120094439;12.5567295171433;15.8812926704574
Karnataka;1960;23055126;16.8422415041236;190611;2.82389010590195;12.1579899810238;16.9533986887999
Karnataka;1961;23510076;18.7196332330019;200076;2.92957287860334;12.2064525733485;16.972939653178
Karnataka;1962;24014920;20.9661327208252;211811;3.04290840829868;12.2634496465893;16.9941858618242
Karnataka;1963;24539448;22.0624359602547;257696.015625;3.09387643203796;12.4595359352287;17.0157925031065
Karnataka;1964;25075974;22.9941217836643;352865;3.1352386086411;12.7738408265074;17.0374207345275
Karnataka;1965;25624784;26.8490068052866;440957;3.29022882977859;12.9967026440061;17.059070566119
Karnataka;1966;26186176;29.7714335991632;430257;3.39354932970173;12.9721379835521;17.080742195896
Karnataka;1967;26760456;28.3739559594949;621775;3.3454716807456;13.3403335699445;17.1024358334379
Karnataka;1968;27347928;36.7450141012511;784600;3.60400254574049;13.5729293127576;17.1241513252787
Karnataka;1969;27948922;38.9102663780735;784600;3.66125813297852;13.5729293127576;17.1458891879486
Karnataka;1970;28410574.4;39.1837870070135;830630.266666667;3.72613786824321;13.8131261365953;17.166890820514
Karnataka;1971;28956791.3818182;41.540216607468;903922.169412879;3.8159811724251;13.9915799471451;17.1883977596962
Karnataka;1972;29503008.3636364;43.8966462079225;977214.072159091;3.905824476607;14.1700337576949;17.2099046988785
Karnataka;1973;30049225.3454546;46.253075808377;1050505.9749053;3.99566778078889;14.3484875682447;17.2314116380607
Karnataka;1974;30595442.3272727;48.6095054088314;1123797.87765152;4.08551108497078;14.5269413787944;17.252918577243
Karnataka;1975;31141659.3090909;50.9659350092859;1197089.78039773;4.17535438915268;14.7053951893442;17.2744255164252
Karnataka;1976;31687876.2909091;53.3223646097404;1270381.68314394;4.26519769333457;14.883848999894;17.2959324556075
Karnataka;1977;32234093.2727273;55.6787942101949;1343673.58589016;4.35504099751646;15.0623028104438;17.3174393947897
Karnataka;1978;32780310.2545455;58.0352238106494;1416965.48863637;4.44488430169836;15.2407566209935;17.338946333972
Karnataka;1979;33326527.2363637;60.3916534111038;1490257.39138258;4.53472760588025;15.4192104315433;17.3604532731542
Karnataka;1980;36102516;167.750081462466;1470000;5.12247526146995;14.2007729587549;17.4018731161654
Karnataka;1981;36985970;186.289557905335;1740000;5.22730222614584;14.3693956711907;17.4260492095089
Karnataka;1982;37730516;226.768698313058;1875000;5.42393054783603;14.4441192173866;17.4459797679668
Karnataka;1983;38457550;249.467269755874;2010000;5.51932772324309;14.5136452800353;17.4650655935477
Karnataka;1984;39199356;311.74746850433;2220000;5.74219346425237;14.6130177538485;17.4841708760543
Karnataka;1985;39956250;351.449397778821;2220000;5.86206574008743;14.6130177538485;17.5032956634972
Karnataka;1986;40728544;385.449575609676;2530000;5.95441038187905;14.7437298607037;17.5224397313794
Karnataka;1987;41516590;450.022509074083;2530000;6.10929760167803;14.7437298607037;17.5416036643547
Karnataka;1988;42320720;485.239854142368;2530000;6.18464331331403;14.7437298607037;17.5607873586021
Karnataka;1989;43141270;546.569444988523;2645000;6.30366137180073;14.7881816232745;17.5799906375277
Karnataka;1990;43978610;613.532351295323;2645000;6.41923299510838;14.7881816232745;17.5992139373163
Karnataka;1991;44833096;761.542321324407;2645000;6.63534574705409;14.7881816232745;17.6184571746437
Karnataka;1992;45570120;826.710572629609;2645000;6.71745466113247;14.7881816232745;17.634762796548
Kerala;1960;16471169;19.6343076802867;122262;2.97727842793733;11.713921562029;16.6171220771699
Kerala;1961;16841202;22.5043319354521;151315;3.1137078211433;11.9271190356422;16.6393389419034
Kerala;1962;17235076;23.9163436238981;151315;3.17456205886569;11.9271190356422;16.6624571675549
Kerala;1963;17641444;24.6975247604448;193705;3.20670302648462;12.174091662175;16.6857614646031
Kerala;1964;18057566;26.5539663540479;193505;3.27917912839631;12.1730586309114;16.7090753238915
Kerala;1965;18483676;30.5837431904779;197105;3.4204685995003;12.1914918606526;16.7323985221452
Kerala;1966;18920026;35.4227843027277;362600;3.56735523747323;12.8010555773029;16.7557314957943
Kerala;1967;19366862;43.0580855070894;528600;3.76255002989553;13.1779872811523;16.7790740191617
Kerala;1968;19824442;46.5536432248635;546600;3.84060526542668;13.2114725524761;16.8024261788091
Kerala;1969;20293030;51.1407118601806;546600;3.93458088959761;13.2114725524761;16.8257880353003
Kerala;1970;20772900;52.327792460369;548100;3.95752763452142;13.2142130310342;16.8491598105641
Kerala;1971;21264326;58.6193044632593;548100;4.07106407003425;13.2142130310342;16.8725413908936
Kerala;1972;21659102;66.3277729612243;624000;4.19460870783773;13.3439056473516;16.8909363397672
Kerala;1973;22040032;74.0516166219722;625000;4.30476237196736;13.3455069287185;16.9083709941536
Kerala;1974;22428602;91.4992383386178;625000;4.51633064807872;13.3455069287185;16.9258475773137
Kerala;1975;22824996;112.131454480868;625000;4.71967188376892;13.3455069287185;16.9433668091988
Kerala;1976;23229390;121.910218047052;1013000;4.80328485616582;13.8284267832308;16.9609288452542
Kerala;1977;23641982;127.620433853642;1012000;4.84906049800849;13.8274391288295;16.9785345879353
Kerala;1978;24062960;147.458999225365;1012000;4.99355016578522;13.8274391288295;16.9961842867127
Kerala;1979;24492524;158.154382129012;1012000;5.06357165805581;13.8274391288295;17.0138784860923
Kerala;1980;24930876;202.375560329288;1012000;5.31012518076129;13.8274391288295;17.0316175932699
Kerala;1981;25378232;218.801687997809;1012000;5.3881657853161;13.8274391288295;17.0494023566736
Kerala;1982;25707104;217.430170275111;1012000;5.38187774277278;13.8274391288295;17.0622779319019
Kerala;1983;26021784;268.970797697806;1012000;5.5946028149647;13.8274391288295;17.0744445913424
Kerala;1984;26348522;302.848106622451;1012000;5.71323138154164;13.8274391288295;17.0869227402969
Kerala;1985;26687892;390.679039018893;1012000;5.96788635081095;13.8274391288295;17.0997205373698
Kerala;1986;27040496;408.505820307438;1476000;6.01250616219718;14.2048462841426;17.1128461521661
Kerala;1987;27406970;421.155640335287;1476000;6.04300245737094;14.2048462841426;17.1263079185713
Kerala;1988;27787978;483.925098832308;1476000;6.18193014026222;14.2048462841426;17.1401140390859
Kerala;1989;28184218;518.126846733871;1477000;6.25022009014641;14.2055235615135;17.1542727338583
Kerala;1990;28596416;630.358713483536;1477000;6.4462890438284;14.2055235615135;17.1687919532522
Kerala;1991;29025348;678.413916001972;1477000;6.51975759724191;14.2055235615135;17.1836800751404
Kerala;1992;29317454;777.898380943993;1477000;6.65659589989419;14.2055235615135;17.1936935962874
Madhya Pradesh;1960;31557592;12.1587223765362;196162;2.49804680329896;12.1866961274366;17.2673247519182
Madhya Pradesh;1961;32254600;14.9777086059043;269978;2.70656300283116;12.5060957531792;17.2891712266935
Madhya Pradesh;1962;33055852;15.7067498971135;265088;2.7540905497134;12.4878171253152;17.3137091736408
Madhya Pradesh;1963;33895970;16.6391461875851;294090;2.81175812323438;12.5916411219239;17.338806686228
Madhya Pradesh;1964;34758470;18.2976983739503;354605;2.90677528002214;12.7787597729176;17.3639338412823
Madhya Pradesh;1965;35643990;21.2630516392806;354150;3.05697090161968;12.7774758311818;17.3890911071626
Madhya Pradesh;1966;36553176;26.5749821575012;423110;3.27997025282614;12.9553874715033;17.4142786350498
Madhya Pradesh;1967;37486710;29.2663720022376;491923;3.3764391436616;13.1060774791614;17.4394970281261
Madhya Pradesh;1968;38445270;25.2956995750062;920600;3.23063440401322;13.7327809103653;17.4647462294437
Madhya Pradesh;1969;39429580;30.5912464702896;920600;3.42071390497206;13.7327809103653;17.4900268540091
Madhya Pradesh;1970;40440376;30.6006056916978;727100;3.42101980260877;13.4968192986381;17.5153392497983
Madhya Pradesh;1971;41478410;33.6174891949812;727100;3.5150464433053;13.4968192986381;17.5406836088648
Madhya Pradesh;1972;42426480;46.8881698410992;1062000;3.84776540143977;13.875664480784;17.5632832535674
Madhya Pradesh;1973;43376216;53.4993647209798;777000;3.97966977945725;13.5631956293498;17.5854218304205
Madhya Pradesh;1974;44351716;62.9986898364879;776000;4.14311392992906;13.5619077991654;17.6076619581923
Madhya Pradesh;1975;45353850;65.7981626697623;776000;4.18659191498948;13.5619077991654;17.6300056261811
Madhya Pradesh;1976;46383510;75.6303263810781;895000;4.32585734535616;13.704578997257;17.6524545661002
Madhya Pradesh;1977;47441624;86.7803345011967;1135000;4.46338003495135;13.9421432088976;17.6750105447828
Madhya Pradesh;1978;48529170;95.594051989762;1135000;4.56011060044144;13.9421432088976;17.6976756184121
Madhya Pradesh;1979;49647140;116.143648959437;1528000;4.75482777807818;14.2394702487086;17.7204513435738
Madhya Pradesh;1980;50796584;148.305248242677;1630000;4.99927263788167;14.3040905727829;17.7433396661932
Madhya Pradesh;1981;51978600;154.305810468154;1631000;5.03893641561509;14.3047038816032;17.766342653379
Madhya Pradesh;1982;53212960;182.043998304173;1841000;5.20424840678426;14.4258194602152;17.7898125336666
Madhya Pradesh;1983;54483344;221.412621075535;2471000;5.40002802441099;14.7201334849707;17.8134055982449
Madhya Pradesh;1984;55786710;248.014267197331;2681000;5.51348627353175;14.8017004172181;17.8370462269411
Madhya Pradesh;1985;57124010;271.665101942248;2681000;5.60457006483438;14.8017004172181;17.8607350766127
Madhya Pradesh;1986;58496200;309.026911149784;2997000;5.73342836420516;14.9131223462988;17.8844723528273
Madhya Pradesh;1987;59904290;365.105737836138;2997000;5.90018700433141;14.9131223462988;17.9082586798867
Madhya Pradesh;1988;61349316;418.803365305654;2997000;6.03740151455544;14.9131223462988;17.9320945799148
Madhya Pradesh;1989;62832330;413.175828431;3088000;6.02387323706149;14.9430341901268;17.955980307887
Madhya Pradesh;1990;64354450;517.126632268631;3088000;6.24828778120614;14.9430341901268;17.9799166426846
Madhya Pradesh;1991;65916784;569.892790886157;3088000;6.34544825697354;14.9430341901268;18.0039036559676
Madhya Pradesh;1992;67312940;631.862164986405;3088000;6.4486712769851;14.9430341901268;18.0248630495355
Maharashtra;1960;38587850;16.0516846624002;637521;2.77581380745718;13.3653424966486;17.4684480180462
Maharashtra;1961;39414270;16.3214998019753;768454;2.79248324494429;13.5521359833053;17.4896384914369
Maharashtra;1962;40355060;16.2656182396953;1014881;2.7890535696361;13.8302819222054;17.5132273475441
Maharashtra;1963;41339664;19.3567127202582;885504;2.96303926992388;13.6939122534167;17.5373329844635
Maharashtra;1964;42350024;23.80400067778;1076852;3.16985366225597;13.8895525279399;17.5614795457682
Maharashtra;1965;43386850;29.3775648612425;1304193;3.38023128307792;14.0810950166519;17.5856669577665
Maharashtra;1966;44450904;30.4088303805925;1436797;3.41473303927885;14.1779268885546;17.6098958571752
Maharashtra;1967;45542936;31.9917890230002;1580349;3.46547927684286;14.2731562666874;17.6341660873166
Maharashtra;1968;46663750;38.2159599260668;1639000;3.64325322747048;14.309596857726;17.6584781899523
Maharashtra;1969;47814150;51.4868506498599;1639000;3.94132644788097;14.309596857726;17.6828321787595
Maharashtra;1970;48994984;43.9391918160439;2119400;3.7828066738889;14.5666435877229;17.7072284834881
Maharashtra;1971;50207110;53.9784106274988;2119400;3.9885841634272;14.5666435877229;17.731667208099
Maharashtra;1972;51329480;80.033929819667;2338000;4.38245066750509;14.6648064210142;17.7537758039572
Maharashtra;1973;52455404;103.104724920239;1882000;4.63574521849114;14.4478455991275;17.7754739189577
Maharashtra;1974;53609576;92.5189186349842;2070000;4.52741314938945;14.5430591652416;17.7972382668002
Maharashtra;1975;54792800;105.519338307223;2070000;4.65889423760872;14.5430591652416;17.8190693564249
Maharashtra;1976;56005896;112.286392132714;2600000;4.72105268016101;14.7710220029917;17.8409675288716
Maharashtra;1977;57249710;125.251289482514;2822000;4.83032203518155;14.8529564113949;17.8629331348836
Maharashtra;1978;58525120;151.745096806294;2822000;5.02220211842118;14.8529564113949;17.884966621745
Maharashtra;1979;59833040;179.471074844267;3552000;5.19001405201454;15.0830213830942;17.9070685747055
Maharashtra;1980;61174384;208.889720900173;3992000;5.34180646151259;15.1998029164135;17.9292390977695
Maharashtra;1981;62550116;228.837305433614;4322000;5.43301129443856;15.279228816049;17.9514786493919
Maharashtra;1982;63978280;267.22662753672;4862000;5.58809709065216;15.3969604338582;17.9740542087232
Maharashtra;1983;65446316;324.459821390099;5572000;5.78216171149853;15.5332646138818;17.9967407614938
Maharashtra;1984;66951840;376.55275792271;5995000;5.93105816470779;15.6064363464438;18.0194841129202
Maharashtra;1985;68495910;437.950236736763;5995000;6.08210528916555;15.6064363464438;18.0422845934207
Maharashtra;1986;70079600;504.600482879468;7011000;6.22376699316145;15.7629909021891;18.0651422968136
Maharashtra;1987;71704040;538.279293607445;7011000;6.28837755855815;15.7629909021891;18.0880576498681
Maharashtra;1988;73370380;617.945552415021;7011000;6.42640035068809;15.7629909021891;18.1110308699053
Maharashtra;1989;75079790;743.731435583397;8208000;6.61167999598818;15.9206198463927;18.1340619726622
Maharashtra;1990;76833510;796.98428459145;8208000;6.68083496039186;15.9206198463927;18.1571514310795
Maharashtra;1991;78632790;867.303576535946;8208000;6.76538906144064;15.9206198463927;18.1802993459784
Maharashtra;1992;80269850;974.440590084571;8208000;6.88186355257876;15.9206198463927;18.2009046414129
Orissa;1960;17172632;12.7295571232179;135882;2.54392662195768;11.8195421410358;16.658827511749
Orissa;1961;17494414;20.8980992447075;136249;3.03965820960569;11.822239373049;16.6773921879386
Orissa;1962;17874586;22.2718445059371;225960;3.10332330253358;12.3281132714392;16.698890485437
Orissa;1963;18274426;23.765452332128;288210;3.16823294342694;12.5714446600719;16.7210131540781
Orissa;1964;18684310;24.6088830682;280156;3.20310747809062;12.5431018698621;16.7431946922027
Orissa;1965;19104542;27.4332669163176;280568;3.3117563979786;12.5445713988073;16.7654366657938
Orissa;1966;19535440;31.3123226300508;280230;3.44401171431969;12.543365973535;16.7877408098931
Orissa;1967;19977330;26.9004917073503;438955;3.29214456552439;12.9921521811085;16.8101086886213
Orissa;1968;20430550;31.5703688838529;467400;3.45221898713429;13.0549407010869;16.8325418876258
Orissa;1969;20895458;35.6776099380066;467400;3.57452331942573;13.0549407010869;16.8550423727433
Orissa;1970;21372418;32.2237755222643;564200;3.47270455034581;13.24316407755;16.8776117701691
Orissa;1971;21861812;43.9625041144805;564200;3.78333709139078;13.24316407755;16.9002519284027
Orissa;1972;22272790;55.875352840843;529000;4.02312336773873;13.1787437108404;16.9188763120332
Orissa;1973;22675410;60.6427844083084;684000;4.10500065730352;13.4357131966047;16.9367916353897
Orissa;1974;23087970;66.4935028934982;803000;4.19710424203912;13.5961099929289;16.9548222606186
Orissa;1975;23510830;79.6228801790494;803000;4.37730149098283;13.5961099929289;16.972971724019
Orissa;1976;23944370;88.6346143164343;923000;4.48452246208757;13.735384513485;16.9912437811183
Orissa;1977;24388984;98.4583859663855;923000;4.58963398141066;13.735384513485;17.0096421129079
Orissa;1978;24845086;119.3797437449;923000;4.78230953618853;13.735384513485;17.0281705444736
Orissa;1979;25313112;127.49518905459;923000;4.8480786309814;13.735384513485;17.0468330803165
Orissa;1980;25793518;155.399507736789;923000;5.0459992702116;13.735384513485;17.0656337780156
Orissa;1981;26286778;152.966635926244;1032000;5.03021983177108;13.8470092250236;17.0845766330905
Orissa;1982;26772780;233.737400449262;1442000;5.4541982648947;14.181541596827;17.1028962576953
Orissa;1983;27264448;200.697259669442;1134000;5.30179760184481;13.9412617632698;17.1210941404011
Orissa;1984;27765760;228.374804075235;1134000;5.43098815678969;13.9412617632698;17.1393141648746
Orissa;1985;28276916;251.657571143897;1134000;5.52806931877773;13.9412617632698;17.1575563407122
Orissa;1986;28798134;297.883883726633;1235000;5.69670375864732;14.0265815280442;17.1758211513404
Orissa;1987;29329622;328.418825172721;1235000;5.79428969984738;14.0265815280442;17.1941085530424
Orissa;1988;29871604;362.80944270686;1235000;5.89387774520895;14.0265815280442;17.2124188881144
Orissa;1989;30424314;397.146177231802;1574000;5.98430441753062;14.2691307079595;17.2307526493363
Orissa;1990;30987972;480.934989872845;1574000;6.17573210478183;14.2691307079595;17.2491096871579
Orissa;1991;31562822;550.774579028453;1574000;6.31132561297253;14.2691307079595;17.267490466928
Orissa;1992;32049874;630.94475816036;1574000;6.44721831221174;14.2691307079595;17.282803809966
Punjab;1960;10883770;31.4964391934045;171281;3.4498744979627;12.0510607616398;16.2027832467252
Punjab;1961;11098808;35.6524772750371;494077;3.57381863322692;13.1104466544689;16.2223482731287
Punjab;1962;11318668;34.8980993169868;679970;3.55243236689401;13.429803958532;16.2419639559714
Punjab;1963;11543017;43.1256403763418;689556;3.76411772454775;13.4438031911916;16.26159122335
Punjab;1964;11771840;46.0590697800854;690558;3.82992469835893;13.4452552454075;16.2812207966699
Punjab;1965;12005232;52.7436704263608;706629;3.96544377323924;13.4682610546727;16.3008531127319
Punjab;1966;12243282;46.3029439328442;1067501;3.83520554293354;13.8808309608526;16.320487936361
Punjab;1967;12486084;35.1030795564086;620736;3.558288863273;13.3386611497532;16.340125302116
Punjab;1968;12733734;41.2447754916194;1273600;3.71952445001068;14.0573580940723;16.3597652503822
Punjab;1969;12986328;47.8272225990288;1273600;3.86759498782782;14.0573580940723;16.3794076697017
Punjab;1970;13243968;53.9641895842696;680200;3.98832067073231;13.4301421515552;16.3990527614579
Punjab;1971;13506755;59.6738446799398;680200;4.08889381183538;13.4301421515552;16.4187004886355
Punjab;1972;13790931;99.5146738099117;1350000;4.60030510876761;14.1156151504146;16.439521760181
Punjab;1973;14085399;118.995564129919;771000;4.77908621619759;13.5554436525455;16.4606492868999
Punjab;1974;14387295;107.71308991718;886000;4.67947111732638;13.6944722295872;16.4818560834312
Punjab;1975;14696837;136.607625164517;886000;4.91711276669527;13.6944722295872;16.5031428585285
Punjab;1976;15014253;151.809084341392;976000;5.02262370731713;13.7912178653952;16.5245105079122
Punjab;1977;15339778;161.605989343522;1246000;5.08516120816951;14.0354489783295;16.54595988183
Punjab;1978;15673652;180.946980320859;1246000;5.19820406195042;14.0354489783295;16.5674916439751
Punjab;1979;16016128;203.819549893707;1536000;5.31723504304617;14.2446921926898;16.5891067725132
Punjab;1980;16367466;241.479041410564;1536000;5.48678268427716;14.2446921926898;16.6108061420079
Punjab;1981;16727930;258.627337632331;1586000;5.55538817471923;14.2767256811769;16.6325903354812
Punjab;1982;17054348;273.484509639419;1704000;5.61124498274223;14.3484889863714;16.6519157438458
Punjab;1983;17378680;335.497287480982;1828000;5.81561387137453;14.4187330309962;16.6707547255501
Punjab;1984;17709480;347.367624571698;2315000;5.85038365594579;14.6549202455025;16.6896106473855
Punjab;1985;18046880;428.43416701391;2315000;6.06013709032777;14.6549202455025;16.7084833746167
Punjab;1986;18391020;420.558511708432;2459000;6.04158361767202;14.7152653211983;16.727373059969
Punjab;1987;18742042;635.245615178965;2459000;6.454011719664;14.7152653211983;16.7462797936195
Punjab;1988;19100092;681.782056337739;2459000;6.52471004128434;14.7152653211983;16.7652037097592
Punjab;1989;19465314;674.692429826716;3049000;6.51425692751221;14.9303242259704;16.7841446704147
Punjab;1990;19837864;824.675479174572;3049000;6.71498995037263;14.9303242259704;16.8031029927348
Punjab;1991;20217892;1574.56573613115;3049000;7.3617347901498;14.9303242259704;16.8220785129072
Punjab;1992;20582058;940.979760138661;3049000;6.84692163046847;14.9303242259704;16.8399302833705
Rajasthan;1960;19612284;13.4303582387447;41128;2.597517684695;10.6244444337353;16.7916666625785
Rajasthan;1961;20077018;14.474261068053;70775;2.67237197331685;11.1672611099801;16.8150863357836
Rajasthan;1962;20571298;15.0500955263008;73716;2.71138433843725;11.2079751509519;16.8394073612426
Rajasthan;1963;21081710;18.0440770696495;77239;2.89281749074349;11.2546597897989;16.863916397892
Rajasthan;1964;21605064;21.508846259377;79153;3.06846430443417;11.2791379673072;16.888438289621
Rajasthan;1965;22141692;24.9393768100469;90106;3.21644795237141;11.408742034054;16.9129729050889
Rajasthan;1966;22691942;31.8967852112437;91180;3.46250522763545;11.4205908537674;16.9375204414585
Rajasthan;1967;23256170;33.3416895387332;387074;3.50680855206545;12.866371168203;16.9620810311357
Rajasthan;1968;23834742;38.0159348903378;93100;3.63800541104768;11.4414294632652;16.9866548221446
Rajasthan;1969;24428024;65.4739818496985;93100;4.18165284005826;11.4414294632652;17.0112415558038
Rajasthan;1970;25036412;55.8546488210851;540500;4.0227527596713;13.2002499160614;17.0358418031942
Rajasthan;1971;25660292;43.2068349027361;540500;3.76599869807645;13.2002499160614;17.0604552966661
Rajasthan;1972;26377646;61.5445366125544;284000;4.11976108528791;12.5567295171433;17.0880274670034
Rajasthan;1973;27132820;75.2409812175808;583000;4.32069604551713;13.2759424653326;17.1162546232068
Rajasthan;1974;27911610;73.2956644206479;581000;4.294501458721;13.272506035834;17.1445532892662
Rajasthan;1975;28714834;81.6198345426618;581000;4.402072302809;13.272506035834;17.1729244113131
Rajasthan;1976;29543350;93.6454396674717;581000;4.53951573221561;13.272506035834;17.2013692341894
Rajasthan;1977;30398034;105.385104839346;684000;4.65762130581079;13.4357131966047;17.2298884932326
Rajasthan;1978;31279806;123.888236391236;684000;4.81937983974693;13.4357131966047;17.2584832715761
Rajasthan;1979;32189620;141.508349585985;820000;4.95235872301721;13.6170596192404;17.287154598297
Rajasthan;1980;33128470;145.113855242938;810000;4.97751864287759;13.6047895266486;17.3159035915013
Rajasthan;1981;34097380;167.930791163427;810000;5.12355193716496;13.6047895266486;17.3447311064574
Rajasthan;1982;34981396;189.675106162144;1023000;5.2453126409295;13.8382500449338;17.3703269352776
Rajasthan;1983;35865444;210.54249321436;1167000;5.34968750075154;13.9699469112687;17.3952848272235
Rajasthan;1984;36772536;237.598516458044;1180000;5.47058234360554;13.9810249964418;17.4202618201676
Rajasthan;1985;37703296;275.999742834154;1180000;5.62039993395641;13.9810249964418;17.4452580756524
Rajasthan;1986;38658370;345.909566285387;1233000;5.84617737177748;14.0249607821465;17.4702738684138
Rajasthan;1987;39638410;480.362355604072;1233000;6.17454072661107;14.0249607821465;17.4953091556226
Rajasthan;1988;40644100;439.266707837054;1233000;6.08510676353688;14.0249607821465;17.5203642419726
Rajasthan;1989;41676130;412.574296125864;1722000;6.02241630137682;14.3589969639698;17.5454391008106
Rajasthan;1990;42735216;544.925290654902;1722000;6.30064870389958;14.3589969639698;17.5705338689745
Rajasthan;1991;43822090;607.378607455738;1722000;6.40915233212928;14.3589969639698;17.5956485861106
Rajasthan;1992;44930050;744.626369211697;1722000;6.61288257474078;14.3589969639698;17.6206173938879
Tamil Nadu;1960;33244844;17.2538033266151;403166;2.84803260187695;12.9071036667869;17.3194102453727
Tamil Nadu;1961;33623350;20.1675323844888;552466;3.00407400360377;13.2221471720189;17.3307313240503
Tamil Nadu;1962;34248744;22.1555570037838;557266;3.09808834555789;13.230797963263;17.3491604504672
Tamil Nadu;1963;34937216;23.5708534990309;631250;3.16001092753685;13.3554572595717;17.3690631800451
Tamil Nadu;1964;35641700;25.8517410785681;907250;3.25237795182241;13.7181733250753;17.3890268586437
Tamil Nadu;1965;36362624;30.2370918006357;1314150;3.40906937607274;14.0887006267626;17.4090519918863
Tamil Nadu;1966;37100436;31.1317096111755;1394150;3.43822690139;14.1477954685309;17.4291392795302
Tamil Nadu;1967;37855584;34.5629326442302;1470500;3.54278179693962;14.2011130369762;17.4492890566889
Tamil Nadu;1968;38628530;36.6490777671322;1470500;3.60138826477274;14.2011130369762;17.469501680592
Tamil Nadu;1969;39419750;56.0049213909271;1470500;4.0254395688546;14.2011130369762;17.4897775177103
Tamil Nadu;1970;40229750;43.0949732474102;1965500;3.76340636031741;14.4912572238441;17.5101173296387
Tamil Nadu;1971;41059040;50.9510207739879;1965500;3.93086479428625;14.4912572238441;17.5305215888628
Tamil Nadu;1972;41751176;70.0411408770857;2254000;4.24908279622111;14.6282169735819;17.5472381765291
Tamil Nadu;1973;42424640;75.7225046576706;1654000;4.32707540368195;14.3187071545658;17.5632398834858
Tamil Nadu;1974;43110400;85.9305411223278;1654000;4.45353930855106;14.3187071545658;17.5792748252699
Tamil Nadu;1975;43808704;87.4141357845236;1654000;4.47065700624855;14.3187071545658;17.5953430770654
Tamil Nadu;1976;44519816;96.0605946799061;1764000;4.56497918693068;14.3830945155489;17.6114449513891
Tamil Nadu;1977;45243990;107.868470486356;1824000;4.68091261905585;14.4165424496164;17.6275804016096
Tamil Nadu;1978;45981496;115.326826252021;1824000;4.74777006501779;14.4165424496164;17.6437496126552
Tamil Nadu;1979;46732616;126.817210489565;2329000;4.84274676220569;14.6609495488665;17.6599528942781
Tamil Nadu;1980;47497630;174.267642406579;2329000;5.1605922921859;14.6609495488665;17.6761903730232
Tamil Nadu;1981;48276810;209.914449608414;2539000;5.34670006489747;14.7472808606868;17.6924618791027
Tamil Nadu;1982;48987850;243.750236027913;2539000;5.49614407819713;14.7472808606868;17.7070828661443
Tamil Nadu;1983;49693044;286.190960650348;2509000;5.65665928259263;14.7353948253486;17.721375521513
Tamil Nadu;1984;50408710;324.122557391371;2509000;5.78112170782232;14.7353948253486;17.7356745355707
Tamil Nadu;1985;51135016;348.078506516943;2509000;5.85242804777159;14.7353948253486;17.7499800651194
Tamil Nadu;1986;51872120;387.121251261757;2795000;5.95873795471211;14.8433426645713;17.7642920169017
Tamil Nadu;1987;52620190;477.755781573575;2795000;6.16909968471869;14.8433426645713;17.7786104443643
Tamil Nadu;1988;53379390;511.791161345231;2795000;6.23791665383297;14.8433426645713;17.7929352743744
Tamil Nadu;1989;54149896;635.757453716993;3875000;6.45481712852291;15.1700562207696;17.8072666108185
Tamil Nadu;1990;54931884;742.566921607859;3875000;6.61011299672697;15.1700562207696;17.8216045029283
Tamil Nadu;1991;55725530;1213.81348907763;3875000;7.10152232643741;15.1700562207696;17.8359489481825
Tamil Nadu;1992;56270504;1109.63285489677;3875000;7.01178447823852;15.1700562207696;17.8456810481847
Uttar Pradesh;1960;72438180;8.74676862394941;377999;2.16868433204137;12.8426468290956;18.0982440664231
Uttar Pradesh;1961;73565030;9.76822819211791;501924;2.27913509772697;13.1262039927903;18.1136803349167
Uttar Pradesh;1962;74868810;11.2009259930804;725597;2.41599645283703;13.4947500432651;18.1312479398639
Uttar Pradesh;1963;76228940;11.5795916878813;765368;2.44924421140932;13.5481120428949;18.1492517385811
Uttar Pradesh;1964;77614670;13.3647414850827;775972;2.59262000672387;13.5618717160401;18.1672670136782
Uttar Pradesh;1965;79026500;15.2695614762137;930537;2.725861400823;13.7435171178419;18.1852937972208
Uttar Pradesh;1966;80464960;17.2559583699538;930462;2.84815749658706;13.7434365159715;18.2033323681241
Uttar Pradesh;1967;81930570;18.5522937287022;1197096;2.92059343255225;13.9954091818255;18.2213827392523
Uttar Pradesh;1968;83423860;18.0260179761521;1345400;2.89181615736839;14.1122019245736;18.2394449175398
Uttar Pradesh;1969;84945380;25.2126719546137;1345400;3.22734672346981;14.1122019245736;18.257519019671
Uttar Pradesh;1970;86495670;20.8657843797268;1351100;3.03811070642231;14.116429633448;18.2756049128457
Uttar Pradesh;1971;88075340;27.1165572565488;1351100;3.3001445101965;14.116429633448;18.2937031425304
Uttar Pradesh;1972;89990650;40.3519698990951;1564000;3.69764021382404;14.2627572000874;18.3152163340088
Uttar Pradesh;1973;92019220;43.3681137484104;1558000;3.76972446481962;14.2589135054128;18.3375080262375
Uttar Pradesh;1974;94103660;49.859909805846;1841000;3.90921726914564;14.4258194602152;18.359907498592
Uttar Pradesh;1975;96245940;56.0844436658835;1841000;4.02685847756655;14.4258194602152;18.3824173484243
Uttar Pradesh;1976;98448040;62.8107984679025;2499000;4.14012700881826;14.7314012098171;18.4050394542682
Uttar Pradesh;1977;100712112;71.4124632794911;2868000;4.26847240984763;14.8691254807016;18.4277766285096
Uttar Pradesh;1978;103040300;83.450843990167;2868000;4.42425776377949;14.8691254807016;18.4506307318068
Uttar Pradesh;1979;105434912;96.2774076199732;3340000;4.56723368712626;15.0214813649529;18.4736043726225
Uttar Pradesh;1980;107898300;111.106477117804;3612000;4.71048899483644;15.099772193519;18.4966996747752
Uttar Pradesh;1981;110432960;120.253047640849;3751000;4.78959825287136;15.137533029064;18.5199191979745
Uttar Pradesh;1982;112969528;146.138523301611;3752000;4.98455496162891;15.1377995891083;18.542628676594
Uttar Pradesh;1983;115553272;167.375615291967;3916000;5.12024048013284;15.1805812826325;18.5652422110298
Uttar Pradesh;1984;118198824;191.643192659853;4148000;5.25563527154977;15.2381368483316;18.5878787136482
Uttar Pradesh;1985;120907720;213.893703396276;4148000;5.36547917851752;15.2381368483316;18.6105381679716
Uttar Pradesh;1986;123681576;236.107114288388;4566000;5.46428557615926;15.3341481060719;18.6332208852836
Uttar Pradesh;1987;126522032;259.27974346792;4566000;5.55790756943108;15.3341481060719;18.6559270169746
Uttar Pradesh;1988;129430776;317.11545946383;4566000;5.75926593300125;15.3341481060719;18.6786567479195
Uttar Pradesh;1989;132409544;367.947796874823;5527000;5.90794107178796;15.5251557308154;18.7014102834614
Uttar Pradesh;1990;135460112;454.42971433539;5527000;6.11904325773239;15.5251557308154;18.724187778563
Uttar Pradesh;1991;138584288;443.955089627476;5527000;6.0957234078286;15.5251557308154;18.7469892761007
Uttar Pradesh;1992;141762300;526.15116995139;5527000;6.26558856679243;15.5251557308154;18.7696622692944
West Bengal;1960;33789004;15.6974144606334;604502;2.75349601475627;13.3121602575509;17.3356459820797
West Bengal;1961;34761490;17.0360936772273;753656;2.83533425082651;13.5326913094622;17.3640207228053
West Bengal;1962;35625880;17.8016655307883;526910;2.87929202206613;13.1747850349507;17.3885828980024
West Bengal;1963;36483944;17.9256935598849;635757;2.88623507805988;13.3625716938411;17.4123828313616
West Bengal;1964;37362690;20.5204710902775;1018958;3.02142297765491;13.8342910944761;17.4361831708742
West Bengal;1965;38262624;24.7709095957454;1067190;3.20966996449622;13.8805395837848;17.4599841030015
West Bengal;1966;39184250;27.5697506013258;1227092;3.31671917897831;14.0201577005073;17.4837854383089
West Bengal;1967;40128090;29.7148456355635;1208880;3.39164677397301;14.0052048690876;17.5075871457952
West Bengal;1968;41094690;33.5663804739736;1209300;3.51352498492196;14.0055522377734;17.5313894740395
West Bengal;1969;42084590;39.0475468574127;1209300;3.66478005375959;14.0055522377734;17.5551921983919
West Bengal;1970;43098350;38.8483549834274;1212100;3.65966573314826;14.0078649504586;17.5789952712785
West Bengal;1971;44136560;43.0957917880324;1212100;3.76342535401406;14.0078649504586;17.602799021909
West Bengal;1972;45085716;62.210390536994;1224000;4.13052203622775;14.0176347420544;17.6240760359035
West Bengal;1973;46032660;52.7560214856148;1333000;3.96567791722746;14.1029425991608;17.6448617025226
West Bengal;1974;47000210;63.1167392656331;1279000;4.14498601591352;14.061589080561;17.6656626277495
West Bengal;1975;47988836;75.8551426419261;1279000;4.32882550365345;14.061589080561;17.6864789584871
West Bengal;1976;48999010;81.6689969858575;1385000;4.40267445599022;14.1412106976036;17.7073106517892
West Bengal;1977;50031230;94.5109684491067;1389000;4.54871589600881;14.1440946217365;17.728157968411
West Bengal;1978;51085990;130.235315005151;1389000;4.86934292959518;14.1440946217365;17.7490208492855
West Bengal;1979;52163800;132.342735766949;1611000;4.88539504063071;14.2923656621591;17.7698993256898
West Bengal;1980;53265184;147.103593972378;1726000;4.99113705948009;14.3613171506255;17.7907934674475
West Bengal;1981;54390680;170.227693421005;1726000;5.137136913955;14.3613171506255;17.8117033736192
West Bengal;1982;55593936;203.572562302478;1996000;5.31602251283709;14.5066557358535;17.8335846885246
West Bengal;1983;56835010;213.459978277474;2124000;5.36344935972189;14.568811661344;17.8556630670509
West Bengal;1984;58104096;264.673251262699;2394000;5.57849605109587;14.6884761651001;17.8777467184766
West Bengal;1985;59401816;261.818594906257;2394000;5.56765187809733;14.6884761651001;17.8998353562561
West Bengal;1986;60728844;305.144948914226;2619000;5.72078690605726;14.7783031234899;17.9219293326193
West Bengal;1987;62085840;327.583552062757;2619000;5.79174314333984;14.7783031234899;17.9440285015797
West Bengal;1988;63473484;362.942106659846;2619000;5.89424333576009;14.7783031234899;17.9661328018511
West Bengal;1989;64892480;406.78519298384;2619000;6.0082852647505;14.7783031234899;17.9882423043907
West Bengal;1990;66343544;520.980609658115;2619000;6.25571282351397;14.7783031234899;18.0103570118229
West Bengal;1991;67827410;501.466884847881;2619000;6.21753757301415;14.7783031234899;18.0324769484987
West Bengal;1992;69015120;510.738806221014;2619000;6.23585831710125;14.7783031234899;18.0498361689907
